id,first_name,last_name,email,gender,ip_address
1,Isak,Buse,ibuse0@toplist.cz,Male,86.193.5.205
2,Neila,Prendergast,nprendergast1@mtv.com,Female,24.30.49.89
3,Skye,Hackford,shackford2@ucsd.edu,Male,240.113.175.39
4,Dionne,Friedman,dfriedman3@oakley.com,Female,123.116.136.73
5,Loria,Gasnell,lgasnell4@japanpost.jp,Female,249.79.143.26
6,Rosabella,Bellis,rbellis5@merriam-webster.com,Female,96.18.211.184
7,Reynolds,Grimmett,rgrimmett6@sbwire.com,Non-binary,205.242.104.75
8,Blanch,Papierz,bpapierz7@studiopress.com,Female,220.138.115.73
9,Titos,Carberry,tcarberry8@addthis.com,Male,248.111.248.209
10,Uta,Ciabatteri,uciabatteri9@newsvine.com,Female,21.211.163.197
11,Billy,Langer,blangera@cnn.com,Female,187.113.126.252
12,Toinette,Hancke,thanckeb@mashable.com,Female,130.182.230.205
13,Dory,Upston,dupstonc@g.co,Female,12.184.90.76
14,Alane,Ganniclifft,aganniclifftd@cnbc.com,Female,183.238.129.141
15,Rubia,Graves,rgravese@dropbox.com,Female,35.244.183.68
16,Vinnie,Bramah,vbramahf@ovh.net,Male,234.151.75.69
17,Lettie,Krysiak,lkrysiakg@networksolutions.com,Female,91.191.40.26
18,Price,Bagshaw,pbagshawh@hao123.com,Male,139.185.48.55
19,Emmanuel,Aimer,eaimeri@pinterest.com,Male,144.79.218.15
20,Pammy,Dangerfield,pdangerfieldj@guardian.co.uk,Genderqueer,161.205.61.2
21,Doti,Guilford,dguilfordk@hud.gov,Genderqueer,242.220.238.39
22,Frank,Drinkel,fdrinkell@earthlink.net,Male,157.111.25.252
23,Nickie,Collabine,ncollabinem@stanford.edu,Male,83.187.3.237
24,Ethelbert,Whiles,ewhilesn@mozilla.org,Male,112.47.189.71
25,Agneta,Ashard,aashardo@cargocollective.com,Female,210.24.216.21
26,Del,Erat,deratp@zimbio.com,Male,81.226.201.35
27,Ardisj,Shacklady,ashackladyq@mit.edu,Female,105.186.56.206
28,Amalia,Keiling,akeilingr@adobe.com,Bigender,204.6.186.137
29,Bev,Ben,bbens@wordpress.org,Male,190.80.155.88
30,Jocelyn,Kummerlowe,jkummerlowet@fema.gov,Female,103.3.230.6
31,Ignatius,Frift,ifriftu@creativecommons.org,Non-binary,140.77.221.217
32,Kile,Dootson,kdootsonv@github.com,Male,180.131.148.10
33,Jeremiah,Lukesch,jlukeschw@bandcamp.com,Male,177.226.10.190
34,Imogen,O' Finan,iofinanx@paginegialle.it,Female,196.1.83.248
35,Olivette,Southernwood,osouthernwoody@diigo.com,Female,50.87.105.13
36,Giorgio,Laborde,glabordez@reverbnation.com,Genderfluid,174.213.95.154
37,Gwenore,Pococke,gpococke10@e-recht24.de,Genderfluid,218.24.102.119
38,Kirby,Lenahan,klenahan11@thetimes.co.uk,Male,69.168.1.1
39,Peggie,Grevile,pgrevile12@apache.org,Female,0.31.85.193
40,Vanessa,Beastall,vbeastall13@gravatar.com,Female,124.22.245.224
41,Agatha,Vernalls,avernalls14@nifty.com,Female,96.249.100.134
42,Cassie,Pacquet,cpacquet15@rakuten.co.jp,Female,2.96.35.247
43,Sal,Bonn,sbonn16@columbia.edu,Male,90.110.23.156
44,Farris,Bragge,fbragge17@biblegateway.com,Male,135.233.151.176
45,Isaak,Bunce,ibunce18@slate.com,Male,248.66.13.142
46,Katalin,Winckle,kwinckle19@japanpost.jp,Female,97.117.177.66
47,Lilly,Enterlein,lenterlein1a@mashable.com,Female,40.128.29.118
48,Whittaker,Wadie,wwadie1b@biblegateway.com,Male,16.1.110.217
49,Blondy,Pering,bpering1c@cloudflare.com,Female,3.209.34.11
50,Enrica,Khan,ekhan1d@cisco.com,Female,116.179.73.133
51,Mufinella,Hogbin,mhogbin1e@rakuten.co.jp,Female,230.2.34.84
52,Currey,Lingley,clingley1f@twitpic.com,Male,167.235.22.165
53,Hedwig,Tame,htame1g@cbsnews.com,Female,138.160.146.81
54,Vic,Canny,vcanny1h@posterous.com,Male,62.255.40.148
55,Anna-maria,Allkins,aallkins1i@webs.com,Female,38.111.38.60
56,Kaitlyn,Scrivin,kscrivin1j@wiley.com,Agender,75.150.38.182
57,Natale,Joinson,njoinson1k@e-recht24.de,Male,199.171.69.230
58,Vally,Tappor,vtappor1l@cargocollective.com,Female,231.131.70.76
59,Audie,Sandbrook,asandbrook1m@yahoo.co.jp,Female,77.176.57.165
60,Sayre,Gogan,sgogan1n@geocities.jp,Non-binary,249.20.43.6
61,Astra,Mewett,amewett1o@smugmug.com,Female,113.9.215.221
62,Dill,Mayberry,dmayberry1p@tripadvisor.com,Male,117.88.83.176
63,Bone,Laverack,blaverack1q@disqus.com,Male,125.114.248.194
64,Hyacinthie,Takkos,htakkos1r@zdnet.com,Female,149.125.192.114
65,Lezlie,Tevelov,ltevelov1s@behance.net,Female,47.113.216.177
66,Bentley,Dawidowitsch,bdawidowitsch1t@ihg.com,Male,76.53.160.129
67,Evered,Totaro,etotaro1u@yandex.ru,Male,164.44.147.82
68,Alec,MacKall,amackall1v@51.la,Male,158.65.109.52
69,Caitrin,Wenger,cwenger1w@joomla.org,Female,62.224.182.230
70,Othilia,Blackaller,oblackaller1x@sina.com.cn,Female,83.178.85.135
71,Charla,O'Gavin,cogavin1y@ameblo.jp,Female,161.4.137.150
72,Burke,Swansborough,bswansborough1z@amazon.de,Male,170.100.70.26
73,Moyna,Dowglass,mdowglass20@github.com,Female,142.189.238.16
74,Raquela,Camoys,rcamoys21@wunderground.com,Female,203.108.35.22
75,Thurston,Bentote,tbentote22@linkedin.com,Male,131.226.43.38
76,Flory,Gredden,fgredden23@sciencedirect.com,Female,82.3.120.114
77,Randa,Heatley,rheatley24@mozilla.com,Female,56.138.122.23
78,Luce,Fake,lfake25@army.mil,Male,124.153.190.209
79,Ivan,Duke,iduke26@accuweather.com,Male,196.227.127.167
80,Brenden,Simonaitis,bsimonaitis27@merriam-webster.com,Male,104.100.36.165
81,Art,Shewring,ashewring28@craigslist.org,Male,153.219.70.25
82,Rachel,Dowers,rdowers29@cbslocal.com,Female,55.26.105.140
83,Madlen,Michallat,mmichallat2a@nifty.com,Female,154.135.127.105
84,Doralynne,McEniry,dmceniry2b@amazon.co.jp,Female,166.187.54.58
85,Nolana,Bonafacino,nbonafacino2c@free.fr,Female,70.36.142.25
86,Bertrand,Whitlaw,bwhitlaw2d@t-online.de,Male,28.37.19.25
87,Florence,Element,felement2e@tamu.edu,Female,65.51.51.206
88,Shawnee,Barker,sbarker2f@bloglines.com,Female,197.93.152.215
89,Dewitt,Daldan,ddaldan2g@rambler.ru,Male,143.252.179.162
90,Irvine,Chorley,ichorley2h@umich.edu,Male,249.71.81.95
91,Eimile,Gritten,egritten2i@a8.net,Female,249.11.104.1
92,Grace,Carlaw,gcarlaw2j@bloglines.com,Male,151.242.229.221
93,Thomasine,Gyford,tgyford2k@ameblo.jp,Female,38.191.82.28
94,Horatio,Worswick,hworswick2l@psu.edu,Male,174.204.61.193
95,Michaela,Burnep,mburnep2m@goo.gl,Female,138.61.29.227
96,Hayden,Geaves,hgeaves2n@google.com.au,Male,175.231.25.130
97,Nadine,Ghiron,nghiron2o@ox.ac.uk,Female,106.2.1.96
98,Wolf,Marshman,wmarshman2p@smh.com.au,Male,185.129.130.247
99,Itch,MacGettigen,imacgettigen2q@msn.com,Male,139.41.149.57
100,Burtie,Galbreth,bgalbreth2r@auda.org.au,Male,190.188.90.62
101,Patty,Ewen,pewen2s@woothemes.com,Female,38.10.233.35
102,Pippo,Steenson,psteenson2t@example.com,Male,151.5.149.78
103,Gwenette,Egar,gegar2u@soup.io,Female,122.116.96.166
104,Prince,Wiles,pwiles2v@fc2.com,Male,116.53.204.205
105,Odie,Issatt,oissatt2w@ebay.co.uk,Male,96.207.87.241
106,Johannes,Lilley,jlilley2x@nymag.com,Male,185.198.119.154
107,Addy,Heffer,aheffer2y@cnbc.com,Genderfluid,150.247.21.218
108,Alexa,Cleator,acleator2z@tmall.com,Female,142.165.53.69
109,Jude,Klaff,jklaff30@wunderground.com,Male,42.133.200.205
110,Lu,Bruff,lbruff31@ifeng.com,Female,148.60.131.193
111,Zabrina,Armin,zarmin32@last.fm,Genderfluid,31.228.233.82
112,Aldo,Cudbird,acudbird33@tumblr.com,Male,26.91.0.107
113,Madella,Bilovsky,mbilovsky34@4shared.com,Female,232.117.19.47
114,Aline,Dunabie,adunabie35@reference.com,Female,166.153.109.5
115,Haley,Toner,htoner36@unicef.org,Female,80.177.96.213
116,Liz,Bevington,lbevington37@usnews.com,Female,122.14.116.193
117,Quinn,Doel,qdoel38@ehow.com,Male,45.171.210.219
118,Anya,O'Giany,aogiany39@sphinn.com,Female,209.209.22.58
119,Phillie,Mosen,pmosen3a@bloglovin.com,Female,229.0.239.77
120,Brigg,Stilly,bstilly3b@uol.com.br,Male,0.195.123.115
121,Alonzo,Jaynes,ajaynes3c@freewebs.com,Male,67.145.171.99
122,Fons,Riddington,friddington3d@livejournal.com,Male,174.33.99.233
123,Timmy,Somner,tsomner3e@imdb.com,Male,101.52.149.31
124,Yevette,Kneale,ykneale3f@freewebs.com,Female,96.15.170.122
125,Gibb,Eilers,geilers3g@godaddy.com,Male,73.25.247.164
126,Johannes,Clac,jclac3h@1688.com,Genderqueer,219.60.21.166
127,Suzanna,Fowles,sfowles3i@quantcast.com,Female,18.214.95.21
128,Sheffield,De Haven,sdehaven3j@slideshare.net,Male,133.28.180.197
129,Gordy,Wellsman,gwellsman3k@tinyurl.com,Male,209.1.56.81
130,Frederigo,Capin,fcapin3l@multiply.com,Male,177.185.1.29
131,Angeline,Millthorpe,amillthorpe3m@jugem.jp,Agender,16.66.170.87
132,Madeleine,Ambrogi,mambrogi3n@boston.com,Female,174.95.187.84
133,Duffy,Rackley,drackley3o@google.com.hk,Male,100.166.193.235
134,Eal,McGennis,emcgennis3p@sphinn.com,Male,122.90.0.78
135,Vince,Assante,vassante3q@va.gov,Male,146.41.122.94
136,Garnet,McAne,gmcane3r@earthlink.net,Female,238.7.255.104
137,Violante,Gazey,vgazey3s@buzzfeed.com,Polygender,85.138.30.68
138,Adriano,Revitt,arevitt3t@mlb.com,Male,236.132.179.119
139,Manfred,Hocking,mhocking3u@chron.com,Male,255.145.153.6
140,Skipp,Leinster,sleinster3v@seesaa.net,Male,56.174.12.161
141,Crin,Carous,ccarous3w@elpais.com,Female,208.180.234.32
142,Ransom,Josselson,rjosselson3x@slideshare.net,Male,40.25.32.184
143,Anna,Oliphard,aoliphard3y@unc.edu,Female,121.96.228.235
144,Tallulah,Trillo,ttrillo3z@usatoday.com,Female,80.89.101.224
145,Cyril,Sevin,csevin40@csmonitor.com,Male,207.233.244.196
146,Boonie,Elbourne,belbourne41@reuters.com,Male,180.14.9.230
147,Bary,Rising,brising42@bandcamp.com,Polygender,138.221.45.36
148,Ninon,Sydry,nsydry43@chicagotribune.com,Female,33.46.93.150
149,Shantee,Junkison,sjunkison44@archive.org,Female,97.205.134.93
150,Franchot,Meagh,fmeagh45@naver.com,Male,171.26.165.127
151,Morty,Soro,msoro46@umich.edu,Male,6.232.240.53
152,Purcell,Le Fevre,plefevre47@seattletimes.com,Male,242.234.95.46
153,Maribel,Veillard,mveillard48@sphinn.com,Female,83.66.23.90
154,Magnum,Ledwich,mledwich49@youku.com,Male,216.81.56.109
155,Kliment,Pollak,kpollak4a@technorati.com,Male,25.113.210.205
156,Tami,Castel,tcastel4b@state.gov,Female,182.167.170.17
157,Cybill,McComb,cmccomb4c@businessweek.com,Female,139.62.94.187
158,Burk,Grayley,bgrayley4d@liveinternet.ru,Male,8.153.251.207
159,Con,Mangenet,cmangenet4e@livejournal.com,Non-binary,7.131.130.136
160,Shaine,Grinsted,sgrinsted4f@squidoo.com,Female,90.199.68.41
161,Hadley,Walburn,hwalburn4g@cocolog-nifty.com,Male,255.84.235.106
162,Lucio,Allpress,lallpress4h@amazon.co.jp,Male,151.211.219.129
163,Luce,Timmins,ltimmins4i@hugedomains.com,Female,231.117.21.86
164,Patti,Powley,ppowley4j@gnu.org,Genderqueer,48.50.11.166
165,Emelen,Camacke,ecamacke4k@comsenz.com,Male,13.196.218.214
166,Patin,Carey,pcarey4l@free.fr,Male,119.214.46.8
167,Renaldo,Malin,rmalin4m@booking.com,Male,171.217.186.234
168,Gris,Marke,gmarke4n@samsung.com,Male,95.102.160.106
169,Grange,Clamo,gclamo4o@slate.com,Male,149.234.38.64
170,Major,Brittle,mbrittle4p@cbslocal.com,Male,38.75.212.103
171,Perceval,Buntine,pbuntine4q@tiny.cc,Male,88.72.49.242
172,Gloriane,Rutland,grutland4r@digg.com,Female,134.120.193.244
173,Lemar,Bermingham,lbermingham4s@pen.io,Male,122.82.30.206
174,Eva,Radki,eradki4t@meetup.com,Female,247.94.222.78
175,Kyrstin,Winterbotham,kwinterbotham4u@goodreads.com,Female,47.254.71.240
176,Ursola,Carbery,ucarbery4v@etsy.com,Female,101.130.79.78
177,Erick,Rollins,erollins4w@macromedia.com,Male,31.167.13.154
178,Sarene,MacFayden,smacfayden4x@bloomberg.com,Female,88.165.82.121
179,Micah,Blackett,mblackett4y@so-net.ne.jp,Agender,113.104.43.15
180,Corette,Duckfield,cduckfield4z@europa.eu,Female,183.69.132.238
181,Sharleen,Cusworth,scusworth50@google.com.hk,Female,162.149.104.28
182,Maggie,Braunstein,mbraunstein51@weather.com,Female,92.17.9.182
183,Thaddeus,Giacubbo,tgiacubbo52@biglobe.ne.jp,Male,211.226.239.174
184,Cassondra,St. Aubyn,cstaubyn53@prweb.com,Female,212.211.46.167
185,Caria,Daubney,cdaubney54@unicef.org,Female,10.156.140.8
186,Bernelle,Stennine,bstennine55@wisc.edu,Bigender,146.171.250.123
187,Lucias,Millam,lmillam56@examiner.com,Male,187.90.11.46
188,Ellen,Breed,ebreed57@sphinn.com,Female,5.241.25.237
189,Anni,Higginbottam,ahigginbottam58@moonfruit.com,Female,162.149.48.110
190,Inness,Rattrie,irattrie59@thetimes.co.uk,Male,195.52.76.144
191,Benedikta,Thatcham,bthatcham5a@cbc.ca,Agender,51.9.231.115
192,Lucien,Finder,lfinder5b@geocities.jp,Male,223.47.9.208
193,Lionello,Hew,lhew5c@imdb.com,Male,135.173.218.163
194,Marge,Copcutt,mcopcutt5d@pagesperso-orange.fr,Female,55.146.137.174
195,Lulita,Groneway,lgroneway5e@imageshack.us,Female,16.230.227.0
196,Ephrem,Keuntje,ekeuntje5f@parallels.com,Male,25.130.33.194
197,Jaymee,Gounel,jgounel5g@answers.com,Female,212.151.174.51
198,Langston,Smouten,lsmouten5h@unc.edu,Male,86.98.229.120
199,Rosene,Bertin,rbertin5i@economist.com,Female,9.20.46.241
200,Lorettalorna,Wooton,lwooton5j@paypal.com,Female,26.65.108.52
201,Clarinda,Whitticks,cwhitticks5k@lycos.com,Female,70.117.79.170
202,Clarey,Couper,ccouper5l@gizmodo.com,Agender,9.141.159.220
203,Carlene,Power,cpower5m@toplist.cz,Female,46.36.33.91
204,Thayne,Kiloh,tkiloh5n@adobe.com,Male,243.17.176.212
205,Colan,Kubicka,ckubicka5o@answers.com,Male,124.208.197.51
206,Elfrida,Ruf,eruf5p@squarespace.com,Genderqueer,231.172.73.167
207,Kyle,Cantero,kcantero5q@msu.edu,Male,4.154.87.115
208,Abraham,McGriele,amcgriele5r@fastcompany.com,Male,61.201.174.56
209,Decca,Wackly,dwackly5s@feedburner.com,Male,157.117.15.98
210,Ethel,Perott,eperott5t@360.cn,Female,7.103.51.160
211,Burr,Zuenelli,bzuenelli5u@soundcloud.com,Male,171.124.70.106
212,Cornelia,Follacaro,cfollacaro5v@aboutads.info,Female,56.99.146.17
213,Susana,Jenteau,sjenteau5w@tuttocitta.it,Female,244.66.207.162
214,Bev,Finlry,bfinlry5x@disqus.com,Male,50.161.42.199
215,Evin,Sprionghall,esprionghall5y@merriam-webster.com,Male,37.66.205.80
216,Clementine,Crolla,ccrolla5z@networkadvertising.org,Female,228.164.182.177
217,Dolley,Tenniswood,dtenniswood60@harvard.edu,Female,241.115.226.37
218,Kirsti,Janowski,kjanowski61@unesco.org,Female,130.119.152.149
219,Gradeigh,Gillhespy,ggillhespy62@chron.com,Bigender,12.98.84.142
220,Glendon,Allenby,gallenby63@apple.com,Male,160.227.73.31
221,Joelly,Stockey,jstockey64@nih.gov,Female,30.187.135.195
222,Gaspar,Woolmer,gwoolmer65@soundcloud.com,Male,117.56.166.0
223,Joye,Stook,jstook66@about.me,Female,100.141.196.195
224,Judas,Raulstone,jraulstone67@earthlink.net,Male,111.33.99.215
225,Perren,Kleimt,pkleimt68@studiopress.com,Male,80.131.232.211
226,Stuart,Folds,sfolds69@uol.com.br,Male,152.255.234.213
227,Alvis,Renad,arenad6a@ft.com,Male,245.44.156.126
228,Angelina,Tuohy,atuohy6b@hc360.com,Female,187.163.174.78
229,Linn,Dzenisenka,ldzenisenka6c@deliciousdays.com,Female,156.89.173.118
230,Hilarius,Pead,hpead6d@slate.com,Male,6.192.223.186
231,Alika,Tuohy,atuohy6e@answers.com,Female,213.85.220.154
232,Lynsey,Spatig,lspatig6f@imdb.com,Female,15.203.244.75
233,Ansell,Fitchell,afitchell6g@last.fm,Male,251.49.239.249
234,Michelina,Oke,moke6h@wufoo.com,Female,208.56.125.9
235,Enrica,Ingreda,eingreda6i@sogou.com,Female,160.45.13.136
236,Auroora,Jurkiewicz,ajurkiewicz6j@pagesperso-orange.fr,Female,45.83.22.2
237,Patrizia,Brisseau,pbrisseau6k@skyrock.com,Female,184.112.152.31
238,Efren,Egger,eegger6l@phoca.cz,Male,37.156.185.233
239,Wells,Rozenzweig,wrozenzweig6m@over-blog.com,Male,41.119.11.157
240,Wayland,Trahar,wtrahar6n@eventbrite.com,Bigender,118.52.183.120
241,Standford,Manus,smanus6o@livejournal.com,Male,25.158.13.193
242,Hadley,Strewther,hstrewther6p@studiopress.com,Male,249.16.157.140
243,Boyd,Shillom,bshillom6q@dot.gov,Male,106.130.78.85
244,Hal,Teresi,hteresi6r@springer.com,Male,197.241.213.211
245,Rosina,Firidolfi,rfiridolfi6s@imageshack.us,Female,82.246.230.76
246,Winslow,Le Pine,wlepine6t@delicious.com,Male,192.98.231.229
247,Keenan,Sweedy,ksweedy6u@wiley.com,Male,183.196.16.191
248,Kalli,Kretchmer,kkretchmer6v@nps.gov,Female,211.228.47.184
249,Fanchon,Suddards,fsuddards6w@photobucket.com,Female,28.4.101.195
250,Cassy,McMenemy,cmcmenemy6x@wikispaces.com,Female,6.143.195.243
251,Sheba,La Batie,slabatie6y@indiegogo.com,Female,37.27.133.36
252,Amory,Moden,amoden6z@e-recht24.de,Male,243.220.213.180
253,Ollie,Gueny,ogueny70@sphinn.com,Female,171.37.210.104
254,Antonin,Dalmon,adalmon71@youtu.be,Male,113.172.146.140
255,Druci,Bartelet,dbartelet72@whitehouse.gov,Female,76.27.47.84
256,Griz,Waldram,gwaldram73@phpbb.com,Male,133.57.55.64
257,Evey,McGrann,emcgrann74@over-blog.com,Female,155.196.201.238
258,Chelsy,Redd,credd75@dion.ne.jp,Female,181.176.237.249
259,Johny,Dohms,jdohms76@usnews.com,Male,139.131.151.152
260,Thia,Twidle,ttwidle77@berkeley.edu,Female,113.121.232.207
261,Jacinda,Stoller,jstoller78@ovh.net,Bigender,124.238.120.200
262,Kev,Stiggles,kstiggles79@businessweek.com,Male,200.47.115.28
263,Marwin,Tewkesberry,mtewkesberry7a@dmoz.org,Male,184.195.61.19
264,Elvyn,Beadham,ebeadham7b@usatoday.com,Male,33.154.225.147
265,Lilith,Mac Geaney,lmacgeaney7c@xing.com,Female,39.118.255.53
266,Blondelle,Sweetmore,bsweetmore7d@booking.com,Female,58.61.164.108
267,Wolfy,Botte,wbotte7e@princeton.edu,Male,126.119.251.123
268,Kaela,Elcock,kelcock7f@jiathis.com,Female,5.111.33.188
269,Rick,Edmead,redmead7g@friendfeed.com,Male,134.11.201.105
270,Lockwood,Glazzard,lglazzard7h@blogger.com,Male,83.205.17.153
271,Symon,Bowering,sbowering7i@t-online.de,Agender,47.79.31.148
272,Dorie,Elstow,delstow7j@aboutads.info,Genderqueer,157.60.15.209
273,Marinna,Birdsey,mbirdsey7k@stumbleupon.com,Female,181.70.128.18
274,Roxy,Minard,rminard7l@google.fr,Female,178.156.140.102
275,Nikolos,Cotterel,ncotterel7m@statcounter.com,Male,80.238.66.48
276,Anthony,Euplate,aeuplate7n@google.ru,Male,16.32.147.221
277,Hadleigh,Duinkerk,hduinkerk7o@nationalgeographic.com,Male,203.204.178.213
278,Cull,Hellings,chellings7p@redcross.org,Male,174.115.214.168
279,Jacques,Gregon,jgregon7q@devhub.com,Male,38.5.228.199
280,Asa,Lamswood,alamswood7r@zimbio.com,Male,165.122.60.52
281,Ula,Snare,usnare7s@wikia.com,Genderqueer,101.33.147.87
282,Pietra,Grimme,pgrimme7t@de.vu,Female,174.254.61.37
283,Gawain,Dunwoody,gdunwoody7u@diigo.com,Male,77.140.86.86
284,Zorine,McIlvenny,zmcilvenny7v@hp.com,Female,181.146.158.134
285,Yorker,Goldsby,ygoldsby7w@wired.com,Male,51.211.181.10
286,Carlos,Fidgeon,cfidgeon7x@narod.ru,Polygender,135.60.101.136
287,Trixy,Le Conte,tleconte7y@creativecommons.org,Female,194.1.241.250
288,Lira,Oakshott,loakshott7z@shareasale.com,Female,8.56.52.232
289,Ravid,Franiak,rfraniak80@sfgate.com,Male,173.229.123.69
290,Susanna,Savine,ssavine81@cisco.com,Polygender,252.229.45.235
291,Aloisia,Agdahl,aagdahl82@so-net.ne.jp,Female,30.115.87.101
292,Isac,Giuroni,igiuroni83@e-recht24.de,Male,18.193.216.252
293,Melly,Eastman,meastman84@usa.gov,Female,67.169.24.103
294,Jethro,Targett,jtargett85@spiegel.de,Male,101.243.165.106
295,Melisandra,Rummer,mrummer86@mac.com,Female,233.180.194.126
296,Bancroft,Marler,bmarler87@fema.gov,Male,137.163.177.52
297,Davina,Godbehere,dgodbehere88@archive.org,Female,92.61.138.130
298,Velma,Broadbear,vbroadbear89@telegraph.co.uk,Female,146.241.119.19
299,Cesare,Goncaves,cgoncaves8a@acquirethisname.com,Male,249.162.126.106
300,Pansie,Raulin,praulin8b@dedecms.com,Female,114.162.57.214
301,Carlyn,Wilcher,cwilcher8c@google.es,Female,48.137.254.81
302,Ellynn,Leer,eleer8d@patch.com,Non-binary,171.58.118.41
303,Giuditta,Gibbons,ggibbons8e@mediafire.com,Female,19.235.131.36
304,Ibrahim,Heavyside,iheavyside8f@chron.com,Male,239.171.222.196
305,Curr,Gotthard.sf,cgotthardsf8g@msu.edu,Male,178.178.119.249
306,Lawrence,Tidmas,ltidmas8h@moonfruit.com,Male,77.119.179.38
307,Cristy,Fiddiman,cfiddiman8i@usda.gov,Female,111.255.72.131
308,Brade,Joseland,bjoseland8j@etsy.com,Male,83.182.119.64
309,Faunie,Olding,folding8k@histats.com,Bigender,255.21.5.176
310,Ainsley,Ewert,aewert8l@addthis.com,Female,29.222.126.251
311,Mallory,Phipp,mphipp8m@scribd.com,Female,187.125.96.180
312,Ulrikaumeko,Vergine,uvergine8n@ow.ly,Female,190.96.51.243
313,Ibrahim,Eastham,ieastham8o@blogtalkradio.com,Male,210.70.94.66
314,Frances,Pomphrey,fpomphrey8p@fema.gov,Polygender,180.120.81.213
315,Osbourne,Cheavin,ocheavin8q@comcast.net,Male,203.132.136.37
316,Ivor,Southworth,isouthworth8r@ftc.gov,Male,15.68.35.15
317,Wash,Caunter,wcaunter8s@yahoo.co.jp,Male,57.69.94.247
318,Cristabel,Buckthorpe,cbuckthorpe8t@behance.net,Female,30.187.81.129
319,Katya,Jerdein,kjerdein8u@vkontakte.ru,Female,135.141.110.52
320,Dreddy,Claesens,dclaesens8v@ameblo.jp,Female,21.96.120.192
321,Ryan,Tett,rtett8w@ameblo.jp,Male,175.217.202.221
322,Alie,Smitheram,asmitheram8x@myspace.com,Female,218.235.123.48
323,Kittie,Clarridge,kclarridge8y@mit.edu,Female,48.231.186.143
324,Steffie,Grisewood,sgrisewood8z@baidu.com,Female,194.67.102.15
325,Kit,Barthrop,kbarthrop90@shinystat.com,Female,91.228.89.28
326,Ashely,Gabey,agabey91@cdc.gov,Female,124.133.218.135
327,Korry,Moxley,kmoxley92@mit.edu,Female,17.4.77.172
328,Lexy,Cockcroft,lcockcroft93@shop-pro.jp,Female,126.109.245.84
329,Gualterio,Grevile,ggrevile94@yellowpages.com,Male,163.144.187.211
330,Brandy,Sirmond,bsirmond95@lulu.com,Female,140.81.141.93
331,Christian,Bromehead,cbromehead96@baidu.com,Female,198.115.250.78
332,Kaitlin,Elfitt,kelfitt97@wp.com,Female,159.188.197.65
333,Morse,Hyrons,mhyrons98@businessinsider.com,Male,147.110.239.51
334,Rudd,Meak,rmeak99@mayoclinic.com,Male,246.129.49.139
335,Jake,MacTrustey,jmactrustey9a@ning.com,Male,50.174.236.95
336,Jessica,Brew,jbrew9b@imdb.com,Female,185.90.130.209
337,Bev,Gowen,bgowen9c@wisc.edu,Female,178.124.165.228
338,Torey,Jevon,tjevon9d@posterous.com,Male,194.254.150.216
339,Broddy,Martin,bmartin9e@state.tx.us,Male,168.77.106.178
340,Kiel,Lathleiff,klathleiff9f@abc.net.au,Male,61.66.50.101
341,Tris,Lowles,tlowles9g@sakura.ne.jp,Male,46.83.225.138
342,Craggie,Matts,cmatts9h@deviantart.com,Male,1.86.138.51
343,Read,Flowerdew,rflowerdew9i@usnews.com,Male,234.47.203.39
344,Nell,Griniov,ngriniov9j@mac.com,Female,255.70.39.98
345,Rudolph,Dubery,rdubery9k@archive.org,Male,239.128.20.189
346,Avery,Youle,ayoule9l@businesswire.com,Male,212.104.176.184
347,Shaine,Garrit,sgarrit9m@acquirethisname.com,Female,59.22.141.165
348,Olia,Jovic,ojovic9n@scientificamerican.com,Female,122.249.140.102
349,Devondra,Drohan,ddrohan9o@vimeo.com,Female,112.117.245.74
350,Wells,Ribey,wribey9p@addthis.com,Polygender,127.169.221.43
351,Koressa,Ezzell,kezzell9q@unblog.fr,Genderfluid,215.181.187.112
352,Eadie,Salleir,esalleir9r@bbc.co.uk,Female,51.7.235.103
353,Alva,Apfler,aapfler9s@toplist.cz,Male,160.50.248.168
354,Burnard,Elphinstone,belphinstone9t@utexas.edu,Male,33.51.91.26
355,Rosalind,Pitceathly,rpitceathly9u@tinypic.com,Female,218.255.181.248
356,Humfrey,Baike,hbaike9v@nhs.uk,Male,210.57.184.167
357,Lani,Nye,lnye9w@mashable.com,Female,106.235.111.10
358,Lebbie,Asp,lasp9x@squarespace.com,Female,40.177.197.127
359,Bette,Turley,bturley9y@java.com,Female,222.169.212.52
360,Fred,Esley,fesley9z@reverbnation.com,Male,103.229.159.102
361,Katharyn,Lagadu,klagadua0@sakura.ne.jp,Female,176.37.186.110
362,Westbrooke,Conant,wconanta1@businesswire.com,Male,35.212.36.217
363,Sunny,Goulbourne,sgoulbournea2@hhs.gov,Male,216.152.64.5
364,Taffy,Quogan,tquogana3@state.tx.us,Female,214.253.117.173
365,Tatiana,Lamport,tlamporta4@ucla.edu,Bigender,225.146.250.41
366,Towny,Orriss,torrissa5@virginia.edu,Male,139.52.247.82
367,Kim,Bresnahan,kbresnahana6@japanpost.jp,Male,221.247.227.188
368,Minerva,Talloe,mtalloea7@nymag.com,Female,202.39.223.241
369,Trevar,Fallawe,tfallawea8@gov.uk,Bigender,103.151.108.135
370,Yehudit,Cockshutt,ycockshutta9@twitpic.com,Bigender,150.96.57.206
371,Susanetta,Godleman,sgodlemanaa@mediafire.com,Female,229.102.194.93
372,Lucita,Charsley,lcharsleyab@facebook.com,Female,244.205.239.99
373,Belle,Gourlie,bgourlieac@fda.gov,Female,236.171.212.57
374,Myron,Youens,myouensad@barnesandnoble.com,Polygender,112.181.18.29
375,Arlana,Letten,alettenae@github.com,Female,136.0.247.169
376,Willy,Dorie,wdorieaf@tuttocitta.it,Female,235.225.123.22
377,Roxie,Koomar,rkoomarag@wikispaces.com,Female,182.177.4.95
378,Bellina,Jillett,bjillettah@cafepress.com,Female,14.202.65.147
379,Ludwig,Heineking,lheinekingai@merriam-webster.com,Male,212.255.65.27
380,Eamon,Mattecot,emattecotaj@blogs.com,Male,14.203.101.97
381,Gail,Thurgood,gthurgoodak@abc.net.au,Male,47.100.82.6
382,Lura,Coverley,lcoverleyal@nasa.gov,Female,95.27.208.111
383,Rhea,Kelberman,rkelbermanam@cam.ac.uk,Female,9.213.208.200
384,Cherise,Manoelli,cmanoellian@yahoo.com,Female,101.146.111.215
385,Mathilda,Marquess,mmarquessao@un.org,Female,190.224.105.166
386,Allegra,Newtown,anewtownap@census.gov,Female,74.52.10.132
387,Leupold,Birkhead,lbirkheadaq@homestead.com,Male,152.229.159.2
388,Alyosha,Dreinan,adreinanar@microsoft.com,Male,57.159.194.152
389,Alphard,Pickerin,apickerinas@wordpress.com,Male,53.119.115.13
390,Silvain,Yapp,syappat@imgur.com,Male,25.157.103.160
391,Hilda,Crathorne,hcrathorneau@ycombinator.com,Female,37.126.182.47
392,Eda,Manvell,emanvellav@odnoklassniki.ru,Female,219.165.170.56
393,Henri,Irnys,hirnysaw@google.com,Male,254.220.27.213
394,Lucita,Gatrill,lgatrillax@ebay.co.uk,Female,156.231.188.11
395,Tatiania,Ide,tideay@shop-pro.jp,Polygender,99.109.122.247
396,Grata,Pendreigh,gpendreighaz@shinystat.com,Female,110.159.157.30
397,Jeniffer,Ainscough,jainscoughb0@narod.ru,Genderqueer,140.136.244.121
398,Estel,Cloney,ecloneyb1@fema.gov,Female,138.231.49.212
399,Madelaine,Lissenden,mlissendenb2@sogou.com,Female,133.240.229.73
400,Kipper,Studders,kstuddersb3@desdev.cn,Male,82.247.206.40
401,Rice,Huikerby,rhuikerbyb4@va.gov,Male,82.229.81.91
402,Cullie,Skipsea,cskipseab5@nba.com,Male,142.196.43.243
403,Mark,de la Tremoille,mdelatremoilleb6@businesswire.com,Male,111.111.52.7
404,Mylo,Pill,mpillb7@nasa.gov,Male,240.196.156.198
405,Felipe,Emptage,femptageb8@hibu.com,Bigender,124.138.143.25
406,Paulie,Kleinsinger,pkleinsingerb9@baidu.com,Male,213.42.20.231
407,Rani,De Few,rdefewba@paypal.com,Female,244.54.174.38
408,Sherry,Enrico,senricobb@google.de,Female,25.6.164.61
409,Amata,Stopher,astopherbc@people.com.cn,Female,250.25.18.6
410,Pepita,Collen,pcollenbd@mac.com,Female,56.16.242.30
411,Dion,Napier,dnapierbe@ucla.edu,Female,68.218.74.169
412,Liane,Cersey,lcerseybf@constantcontact.com,Female,93.81.129.100
413,Jillayne,Uman,jumanbg@slashdot.org,Female,195.159.219.193
414,Fleurette,MacParland,fmacparlandbh@techcrunch.com,Female,0.12.193.46
415,Amalia,Saiz,asaizbi@printfriendly.com,Female,62.135.12.86
416,Cullan,Oneil,coneilbj@lycos.com,Male,75.37.234.8
417,Noland,Phelp,nphelpbk@drupal.org,Male,99.144.162.193
418,Janeczka,Pigott,jpigottbl@deliciousdays.com,Female,167.234.132.214
419,Roy,Tousey,rtouseybm@ocn.ne.jp,Male,66.72.227.206
420,Inna,Bygott,ibygottbn@goo.ne.jp,Female,170.81.164.94
421,Des,Goldsworthy,dgoldsworthybo@tinypic.com,Male,91.119.195.41
422,Dietrich,Felten,dfeltenbp@skyrock.com,Male,35.134.90.89
423,Frederich,Stolze,fstolzebq@hc360.com,Male,1.246.226.131
424,Anna,Gulc,agulcbr@t-online.de,Female,69.131.181.135
425,Kip,Yewen,kyewenbs@jalbum.net,Female,239.198.10.90
426,Nicky,Skellion,nskellionbt@blogspot.com,Male,145.4.59.241
427,Cyrille,Boggon,cboggonbu@usnews.com,Agender,46.238.6.125
428,Fields,Schrader,fschraderbv@opensource.org,Male,42.41.170.96
429,Clarinda,Mahon,cmahonbw@microsoft.com,Female,139.168.186.102
430,Danna,McTerlagh,dmcterlaghbx@issuu.com,Female,106.132.177.228
431,Alecia,Barraclough,abarracloughby@t-online.de,Female,243.9.201.196
432,Emelda,Farden,efardenbz@reference.com,Non-binary,174.199.127.186
433,Ephrem,McKinty,emckintyc0@techcrunch.com,Male,109.147.169.177
434,Priscella,Humbles,phumblesc1@free.fr,Female,254.91.64.117
435,Rosco,Camilio,rcamilioc2@chicagotribune.com,Male,90.181.176.0
436,Bradan,Dyster,bdysterc3@tiny.cc,Male,40.81.121.131
437,Amber,Yanyushkin,ayanyushkinc4@dyndns.org,Female,193.86.55.213
438,Ellwood,Peers,epeersc5@forbes.com,Male,101.162.207.78
439,Shayne,Abramin,sabraminc6@independent.co.uk,Female,113.204.21.20
440,Millisent,Shackle,mshacklec7@yellowbook.com,Female,151.216.230.89
441,Louella,Greatreax,lgreatreaxc8@icq.com,Genderfluid,112.164.21.24
442,Maryann,Minihane,mminihanec9@xinhuanet.com,Female,25.172.14.140
443,Melodie,Donett,mdonettca@economist.com,Female,243.28.239.60
444,Farly,Romanin,fromanincb@g.co,Male,221.178.6.108
445,Pace,Fawlo,pfawlocc@stanford.edu,Male,102.240.90.222
446,Hilliard,Lardeux,hlardeuxcd@google.com.au,Male,132.20.182.81
447,Bev,Welbrock,bwelbrockce@java.com,Male,140.122.13.188
448,Eugen,Borrill,eborrillcf@redcross.org,Male,3.215.108.42
449,Langston,Beech,lbeechcg@wunderground.com,Agender,89.242.52.213
450,Niki,Roubottom,nroubottomch@unblog.fr,Female,229.37.240.23
451,Aron,Samsin,asamsinci@cdbaby.com,Male,64.252.17.84
452,Loraine,Aleksandrov,laleksandrovcj@myspace.com,Female,141.71.116.220
453,Stacy,Ivashkin,sivashkinck@hostgator.com,Female,116.100.196.213
454,Hobart,Bavester,hbavestercl@soundcloud.com,Male,176.228.188.137
455,Maurie,Asaaf,masaafcm@google.nl,Male,66.95.212.128
456,Moll,Bon,mboncn@ucla.edu,Female,140.129.6.119
457,Esther,Pizzie,epizzieco@shareasale.com,Female,149.21.239.230
458,Gonzalo,Herreran,gherrerancp@nature.com,Male,32.109.250.56
459,Barthel,Abrahamowitcz,babrahamowitczcq@reverbnation.com,Male,92.90.182.206
460,Keenan,Callam,kcallamcr@admin.ch,Male,177.192.195.178
461,Gordan,Yurchenko,gyurchenkocs@princeton.edu,Male,32.190.205.97
462,Mar,Elrick,melrickct@ca.gov,Male,137.244.112.57
463,Halli,Chellam,hchellamcu@exblog.jp,Female,33.63.11.39
464,Humfrid,Betts,hbettscv@hud.gov,Male,94.224.22.132
465,Packston,Bernade,pbernadecw@e-recht24.de,Male,32.139.141.223
466,Aime,Harvatt,aharvattcx@list-manage.com,Female,80.143.65.39
467,Octavius,Wentworth,owentworthcy@mail.ru,Male,27.59.65.184
468,Naoma,Hubert,nhubertcz@samsung.com,Female,189.99.31.65
469,Perl,Hammell,phammelld0@nydailynews.com,Female,17.50.131.135
470,Christyna,Tuhy,ctuhyd1@topsy.com,Female,123.123.95.63
471,Dimitry,Spinetti,dspinettid2@imdb.com,Agender,164.23.55.186
472,Marilyn,Hofer,mhoferd3@google.fr,Female,136.203.231.175
473,Maynard,Lowis,mlowisd4@upenn.edu,Male,8.68.71.224
474,Meredithe,Annon,mannond5@marketwatch.com,Female,207.246.225.158
475,Tessi,Walework,twaleworkd6@usnews.com,Female,201.22.195.228
476,Quincey,Cordelette,qcordeletted7@eepurl.com,Male,169.213.100.236
477,Elinore,Espinheira,eespinheirad8@mysql.com,Female,183.59.145.251
478,Amalita,Harradine,aharradined9@washington.edu,Agender,161.25.131.12
479,Ginevra,Ferry,gferryda@altervista.org,Female,90.198.98.34
480,Hogan,MacKibbon,hmackibbondb@storify.com,Male,254.82.64.189
481,Thaxter,Cuming,tcumingdc@etsy.com,Male,204.71.79.215
482,Lenci,Macbane,lmacbanedd@washingtonpost.com,Male,158.25.214.210
483,Aylmar,Langland,alanglandde@1688.com,Male,78.22.193.199
484,Ernesto,Mottershaw,emottershawdf@nsw.gov.au,Male,29.53.4.236
485,Eldredge,Dabinett,edabinettdg@hc360.com,Male,88.209.105.56
486,Anna-diana,Alekhov,aalekhovdh@skyrock.com,Genderqueer,6.205.101.14
487,Randie,Thunders,rthundersdi@tinyurl.com,Female,60.89.124.224
488,Abagael,Holstein,aholsteindj@ebay.com,Non-binary,215.118.198.70
489,Jsandye,Lindsell,jlindselldk@indiatimes.com,Female,93.83.111.40
490,Sue,Greir,sgreirdl@google.com,Female,193.189.195.78
491,Jecho,Audrey,jaudreydm@msn.com,Male,218.213.215.83
492,Valry,Gibbard,vgibbarddn@google.de,Female,52.136.68.196
493,Corly,Le feuvre,clefeuvredo@taobao.com,Bigender,218.58.212.154
494,Eulalie,Flohard,efloharddp@ezinearticles.com,Female,3.1.181.232
495,Christophe,Atwood,catwooddq@icq.com,Male,76.27.90.132
496,Anabelle,Yardy,ayardydr@dot.gov,Female,111.62.154.60
497,Tomaso,Ensor,tensords@mashable.com,Male,243.59.153.165
498,Francesca,Grew,fgrewdt@nba.com,Female,201.136.99.196
499,Maurizia,Yushankin,myushankindu@elegantthemes.com,Female,217.209.244.81
500,Farley,Stronge,fstrongedv@omniture.com,Male,237.89.255.89
501,Rickard,Hucquart,rhucquartdw@bloomberg.com,Male,93.75.201.50
502,Agatha,Romushkin,aromushkindx@dion.ne.jp,Female,232.133.40.175
503,Fawnia,Bewshire,fbewshiredy@dailymotion.com,Female,234.33.245.4
504,Adoree,Fincken,afinckendz@npr.org,Female,56.71.204.238
505,Mollie,Grove,mgrovee0@latimes.com,Female,162.2.51.190
506,Bruis,Macourek,bmacoureke1@loc.gov,Male,79.194.210.225
507,Minerva,Hanretty,mhanrettye2@1und1.de,Female,1.63.202.99
508,Melitta,Reason,mreasone3@163.com,Female,45.75.131.200
509,Colver,Beccles,cbecclese4@opensource.org,Male,28.156.171.107
510,Annabela,Whyborne,awhybornee5@hc360.com,Bigender,176.97.34.218
511,Cordie,Beeby,cbeebye6@squarespace.com,Male,251.14.186.32
512,Mill,Mollindinia,mmollindiniae7@canalblog.com,Male,117.244.38.68
513,Kimmie,Maulin,kmauline8@eventbrite.com,Female,222.73.45.197
514,Robby,Raitie,rraitiee9@studiopress.com,Female,106.68.46.97
515,Carolus,Ivins,civinsea@alibaba.com,Male,212.119.77.91
516,Sanders,Hutt,shutteb@taobao.com,Male,8.76.37.80
517,Aileen,Thornton,athorntonec@bluehost.com,Female,82.18.254.172
518,Chevalier,Smurthwaite,csmurthwaiteed@who.int,Male,250.239.55.169
519,Othelia,Oliveto,oolivetoee@edublogs.org,Female,161.44.209.214
520,Gardie,Wolpert,gwolpertef@oaic.gov.au,Male,189.210.206.31
521,Karlene,Bladesmith,kbladesmitheg@mozilla.org,Female,68.241.187.169
522,Bennie,O'Kielt,bokielteh@upenn.edu,Male,57.23.211.216
523,Normand,Knath,nknathei@rakuten.co.jp,Male,214.42.211.64
524,Even,Dillamore,edillamoreej@spotify.com,Male,45.247.158.75
525,Ole,Jennings,ojenningsek@sphinn.com,Male,185.195.132.149
526,Montgomery,Dubarry,mdubarryel@who.int,Male,54.163.198.62
527,Cully,Baus,cbausem@bluehost.com,Male,6.38.101.128
528,Josias,Atheis,jatheisen@jigsy.com,Male,140.237.247.144
529,Truda,Possel,tposseleo@facebook.com,Female,36.76.160.33
530,Yvon,Town,ytownep@ebay.com,Male,193.19.194.205
531,Concordia,Girhard,cgirhardeq@cafepress.com,Female,90.25.160.190
532,Meryl,Gedling,mgedlinger@booking.com,Female,78.228.98.19
533,Randee,Medhurst,rmedhurstes@latimes.com,Female,117.185.62.101
534,Dahlia,Robke,drobkeet@yahoo.co.jp,Genderfluid,177.6.90.48
535,Joella,Bulleyn,jbulleyneu@tripadvisor.com,Female,38.163.180.183
536,Jennilee,Clear,jclearev@nifty.com,Female,135.235.198.190
537,Rebekkah,Drackford,rdrackfordew@posterous.com,Female,250.33.106.241
538,Jo,Tibbetts,jtibbettsex@hexun.com,Female,29.150.117.234
539,Newton,Domokos,ndomokosey@census.gov,Male,170.95.132.211
540,Ashley,Imison,aimisonez@berkeley.edu,Female,75.51.237.101
541,Kerk,O'Brollachain,kobrollachainf0@sina.com.cn,Male,106.184.79.162
542,Maudie,Nawton,mnawtonf1@hao123.com,Female,28.32.216.108
543,Gino,Sothcott,gsothcottf2@facebook.com,Male,194.216.252.220
544,Kerianne,O'Brallaghan,kobrallaghanf3@umich.edu,Non-binary,196.68.144.247
545,Creigh,Bolden,cboldenf4@smugmug.com,Male,15.141.44.73
546,Graig,Vogl,gvoglf5@amazon.co.uk,Male,242.48.245.211
547,Duke,Skillicorn,dskillicornf6@elpais.com,Male,160.103.81.168
548,Gawen,Sanney,gsanneyf7@tamu.edu,Non-binary,16.84.87.87
549,Garey,Linster,glinsterf8@epa.gov,Male,186.201.10.236
550,Kristoforo,Rintoul,krintoulf9@topsy.com,Male,113.207.58.121
551,Kalil,Chaize,kchaizefa@tinypic.com,Male,212.126.36.88
552,Iorgo,Benoiton,ibenoitonfb@nature.com,Male,42.102.156.134
553,Glen,Kightly,gkightlyfc@discovery.com,Female,133.58.93.66
554,Revkah,Gniewosz,rgniewoszfd@nsw.gov.au,Female,215.231.128.209
555,Lindi,Matusov,lmatusovfe@hc360.com,Female,221.128.146.81
556,Asher,Abethell,aabethellff@tinyurl.com,Male,28.227.57.82
557,Shepard,Gotts,sgottsfg@blogs.com,Male,57.143.154.175
558,Bertrand,Ferier,bferierfh@photobucket.com,Male,139.62.167.129
559,Reagan,Clementson,rclementsonfi@princeton.edu,Male,168.211.198.200
560,Carmella,Waryk,cwarykfj@sbwire.com,Female,113.110.216.147
561,Lanie,Alwen,lalwenfk@nature.com,Female,39.197.11.50
562,Gwendolen,Guilloneau,gguilloneaufl@loc.gov,Non-binary,58.148.41.138
563,Anestassia,Mustin,amustinfm@wikipedia.org,Female,146.202.251.198
564,Alexandrina,Cornall,acornallfn@hhs.gov,Female,109.126.141.11
565,Putnam,Warrender,pwarrenderfo@hao123.com,Male,228.240.200.3
566,Philip,Uwins,puwinsfp@nhs.uk,Male,147.185.224.144
567,Daren,Brotheridge,dbrotheridgefq@utexas.edu,Male,161.217.178.58
568,Gus,Jirek,gjirekfr@about.me,Male,221.237.82.251
569,Kane,Jurasz,kjuraszfs@latimes.com,Male,60.148.119.37
570,Wiley,Ramsier,wramsierft@cnet.com,Male,91.217.61.38
571,Virgina,Bankhurst,vbankhurstfu@lycos.com,Female,134.248.238.172
572,Tallulah,Ollet,tolletfv@lycos.com,Genderfluid,70.227.209.239
573,Scarface,Reimers,sreimersfw@nymag.com,Male,159.154.48.233
574,Dominique,Scolland,dscollandfx@ed.gov,Female,245.234.93.130
575,Lamond,Flaws,lflawsfy@youtu.be,Male,241.130.44.27
576,Sadella,Morshead,smorsheadfz@ehow.com,Female,152.157.77.52
577,Ilyssa,Francillo,ifrancillog0@jigsy.com,Female,243.83.13.82
578,Odessa,Brumhead,obrumheadg1@wikipedia.org,Female,33.71.88.111
579,Diarmid,Dallimore,ddallimoreg2@edublogs.org,Polygender,78.127.201.174
580,Onfroi,Saich,osaichg3@slideshare.net,Male,7.71.197.41
581,Cristabel,Heasly,cheaslyg4@techcrunch.com,Female,210.198.71.248
582,Andres,Laterza,alaterzag5@virginia.edu,Male,224.88.84.236
583,Geno,Cheel,gcheelg6@army.mil,Male,174.248.247.178
584,Carrol,Heskey,cheskeyg7@people.com.cn,Male,245.86.162.45
585,Harper,Denziloe,hdenziloeg8@google.co.jp,Male,243.131.36.110
586,Aylmar,Whitworth,awhitworthg9@delicious.com,Male,228.126.104.49
587,Shari,Pouton,spoutonga@cmu.edu,Female,250.222.90.137
588,Eberto,Peile,epeilegb@hc360.com,Male,127.68.243.107
589,Ripley,Foxton,rfoxtongc@blogger.com,Male,91.126.254.231
590,Lolita,Bickers,lbickersgd@apple.com,Female,184.250.157.105
591,Fina,Greenroyd,fgreenroydge@comcast.net,Female,169.153.241.227
592,Pascale,Gedling,pgedlinggf@t.co,Male,60.81.82.250
593,Esmaria,Polley,epolleygg@live.com,Female,79.125.206.32
594,Willis,Aguilar,waguilargh@hc360.com,Male,179.254.199.48
595,Tracee,Villa,tvillagi@mac.com,Female,1.95.13.46
596,Angele,Caslane,acaslanegj@prnewswire.com,Female,5.255.53.186
597,Constancia,Scamadine,cscamadinegk@mashable.com,Female,31.150.178.117
598,Giffer,McMakin,gmcmakingl@gravatar.com,Male,10.242.128.153
599,Richy,Afield,rafieldgm@feedburner.com,Male,190.156.233.139
600,Farrel,Crowche,fcrowchegn@weebly.com,Male,59.27.83.164
601,Hermon,Gummery,hgummerygo@foxnews.com,Male,143.93.59.68
602,Lindsay,Dobrovsky,ldobrovskygp@diigo.com,Male,249.80.80.150
603,Sherry,Soane,ssoanegq@last.fm,Genderfluid,39.0.69.11
604,Bobbi,Kilbourne,bkilbournegr@4shared.com,Female,123.247.171.40
605,Gerhard,Hazelhurst,ghazelhurstgs@netscape.com,Male,114.248.233.24
606,Grissel,Keford,gkefordgt@dedecms.com,Female,116.192.0.18
607,Pepita,Charlot,pcharlotgu@sbwire.com,Female,57.35.207.160
608,Gayler,Bligh,gblighgv@odnoklassniki.ru,Male,52.100.253.178
609,Ariana,Mallinson,amallinsongw@t-online.de,Female,153.141.48.197
610,Erda,Pien,epiengx@dot.gov,Female,65.209.130.221
611,Mattheus,Haw,mhawgy@theguardian.com,Male,92.61.131.235
612,Rosabelle,Di Dello,rdidellogz@fema.gov,Female,38.159.31.64
613,Kingsly,Drife,kdrifeh0@blog.com,Male,25.27.77.67
614,Sadye,Dran,sdranh1@ocn.ne.jp,Genderqueer,148.228.145.189
615,Travus,Tollet,ttolleth2@ehow.com,Male,77.157.132.27
616,Maximilianus,Acutt,macutth3@macromedia.com,Male,65.243.229.66
617,Robbin,Heddan,rheddanh4@cornell.edu,Female,188.199.147.156
618,Mona,Dennerley,mdennerleyh5@nyu.edu,Female,54.205.219.31
619,Rodrigo,Garritley,rgarritleyh6@sourceforge.net,Male,223.239.46.218
620,Shae,Kull,skullh7@weibo.com,Male,75.148.141.95
621,Antonia,Allberry,aallberryh8@mediafire.com,Female,100.109.77.69
622,Edie,Marchiso,emarchisoh9@stanford.edu,Female,227.104.143.0
623,Daria,Antonich,dantonichha@oaic.gov.au,Female,183.83.155.34
624,Wesley,Hawyes,whawyeshb@elegantthemes.com,Male,152.71.179.21
625,Erinna,Nicholl,enichollhc@studiopress.com,Female,244.136.41.173
626,Simonne,Critchard,scritchardhd@harvard.edu,Female,14.38.229.4
627,Bobina,Pechacek,bpechacekhe@trellian.com,Female,135.204.229.224
628,Tannie,Tchaikovsky,ttchaikovskyhf@list-manage.com,Male,128.134.110.169
629,Robbin,Pettingall,rpettingallhg@reuters.com,Female,254.110.184.161
630,Anastassia,Sylvaine,asylvainehh@histats.com,Genderqueer,238.138.29.183
631,Adara,Chaffyn,achaffynhi@squidoo.com,Female,41.235.49.141
632,Shauna,Corcoran,scorcoranhj@yandex.ru,Female,144.40.79.95
633,Bennie,Halls,bhallshk@apache.org,Genderfluid,210.119.235.246
634,Carlynne,McBoyle,cmcboylehl@ihg.com,Female,132.72.61.54
635,Harry,Waldera,hwalderahm@utexas.edu,Male,145.66.10.144
636,Tabbitha,Lamar,tlamarhn@house.gov,Female,188.72.53.149
637,Sharl,Lettice,sletticeho@cocolog-nifty.com,Female,107.12.135.209
638,Helenka,Woolfenden,hwoolfendenhp@icq.com,Female,222.156.164.15
639,Stephen,Sewall,ssewallhq@digg.com,Male,219.22.137.21
640,Colver,Gabbatt,cgabbatthr@howstuffworks.com,Male,105.54.176.36
641,Georas,Hugonneau,ghugonneauhs@timesonline.co.uk,Male,252.50.48.157
642,Nikolos,Wattinham,nwattinhamht@pcworld.com,Male,212.13.216.222
643,Winnah,Nehlsen,wnehlsenhu@youku.com,Female,6.121.206.45
644,Janifer,Gobell,jgobellhv@quantcast.com,Female,43.162.207.240
645,Nike,Di Franceshci,ndifranceshcihw@yale.edu,Non-binary,93.182.87.154
646,Hildagarde,Chable,hchablehx@google.com,Female,107.130.63.238
647,Edwin,Sparkes,esparkeshy@youtu.be,Male,200.106.160.88
648,Philly,Stinson,pstinsonhz@is.gd,Female,214.32.177.138
649,Leonardo,Emanuelov,lemanuelovi0@multiply.com,Male,72.237.94.212
650,Pete,Swiffan,pswiffani1@mozilla.org,Male,206.188.144.165
651,Deedee,Bothe,dbothei2@dropbox.com,Female,132.10.62.77
652,Isidor,Grinham,igrinhami3@vinaora.com,Male,231.108.106.66
653,Jerri,Heilds,jheildsi4@columbia.edu,Male,173.101.109.160
654,Dalton,Bushell,dbushelli5@nba.com,Male,79.48.158.48
655,Demott,Alwen,dalweni6@blogger.com,Male,230.83.123.131
656,Jedediah,Newvell,jnewvelli7@opera.com,Male,187.240.32.78
657,Vonnie,Ruilton,vruiltoni8@nba.com,Female,152.159.211.248
658,Elyssa,Driscoll,edriscolli9@biglobe.ne.jp,Genderqueer,231.16.165.15
659,Eduino,Drage,edrageia@meetup.com,Male,90.55.195.61
660,Amberly,Forker,aforkerib@mozilla.com,Female,95.13.158.41
661,Timmie,Bonnick,tbonnickic@ning.com,Female,81.14.174.177
662,Juline,Snipe,jsnipeid@skyrock.com,Female,120.145.92.34
663,Aldridge,Edworthie,aedworthieie@google.com.hk,Male,254.179.111.45
664,Doug,Hastin,dhastinif@vistaprint.com,Male,122.194.166.152
665,Rod,Borwick,rborwickig@bloglovin.com,Male,243.180.163.7
666,Ranna,Exelby,rexelbyih@360.cn,Bigender,88.215.48.233
667,Baird,Di Franceshci,bdifranceshciii@exblog.jp,Male,88.71.245.172
668,Redford,Gepheart,rgepheartij@themeforest.net,Male,146.225.250.118
669,Cosimo,Shinner,cshinnerik@china.com.cn,Male,57.145.183.217
670,Ingelbert,Hassey,ihasseyil@vistaprint.com,Male,26.139.124.48
671,Rebeca,Lethabridge,rlethabridgeim@angelfire.com,Female,79.213.186.31
672,Aurthur,Greatbank,agreatbankin@exblog.jp,Male,178.38.89.150
673,Roddie,Kimblin,rkimblinio@wordpress.org,Male,9.57.180.54
674,Kittie,Huccaby,khuccabyip@over-blog.com,Agender,133.157.253.147
675,Timi,Dudny,tdudnyiq@com.com,Female,163.131.19.234
676,Arman,Alwen,aalwenir@ning.com,Male,163.177.201.89
677,Cyril,Trowl,ctrowlis@behance.net,Male,8.185.68.80
678,Tillie,Fermer,tfermerit@posterous.com,Female,249.125.172.105
679,Tony,Drillot,tdrillotiu@facebook.com,Male,230.6.128.28
680,Talya,Wollard,twollardiv@123-reg.co.uk,Female,104.131.116.72
681,Markos,Lark,mlarkiw@squarespace.com,Male,119.2.107.136
682,Archambault,Fensome,afensomeix@amazon.com,Male,85.115.168.218
683,Stacie,Matton,smattoniy@ocn.ne.jp,Female,115.100.29.139
684,Rivy,Storror,rstorroriz@digg.com,Female,168.111.9.196
685,Joelly,Kings,jkingsj0@hc360.com,Female,79.131.195.216
686,Genia,Gorman,ggormanj1@jiathis.com,Polygender,125.186.140.31
687,Janek,Okenden,jokendenj2@reference.com,Male,227.116.167.187
688,Grace,Geldart,ggeldartj3@google.ca,Male,99.237.135.76
689,Lauryn,Give,lgivej4@blinklist.com,Female,199.62.39.195
690,Nolie,Power,npowerj5@discuz.net,Genderfluid,86.56.83.55
691,Fowler,Cheeseman,fcheesemanj6@feedburner.com,Male,236.181.160.222
692,Audy,Lakenton,alakentonj7@nhs.uk,Female,113.134.231.133
693,Carree,Caudle,ccaudlej8@free.fr,Bigender,184.72.154.69
694,Elna,Tonbridge,etonbridgej9@dmoz.org,Female,174.115.28.223
695,Lazar,Giraldon,lgiraldonja@nsw.gov.au,Male,132.172.170.165
696,Fiona,Fearnill,ffearnilljb@wisc.edu,Female,234.64.162.4
697,Cherice,Margett,cmargettjc@xing.com,Female,103.95.11.220
698,Sheba,Winchcum,swinchcumjd@homestead.com,Genderqueer,147.119.71.198
699,Pamela,Jacques,pjacquesje@instagram.com,Female,230.153.243.102
700,Gerald,Kernley,gkernleyjf@etsy.com,Male,128.91.140.228
701,Sergeant,Royal,sroyaljg@prweb.com,Male,77.18.12.130
702,Pauly,Gilley,pgilleyjh@google.com.au,Male,102.118.100.81
703,Bondy,Gewer,bgewerji@naver.com,Male,125.181.53.221
704,Kris,Gounel,kgouneljj@freewebs.com,Female,93.18.60.121
705,Wilfred,Marians,wmariansjk@sun.com,Male,231.153.2.225
706,Reggis,Swains,rswainsjl@jigsy.com,Male,239.201.224.34
707,Guido,Timms,gtimmsjm@friendfeed.com,Male,75.253.183.182
708,Adorne,Frier,afrierjn@constantcontact.com,Female,151.167.64.217
709,Carin,Le Noury,clenouryjo@theglobeandmail.com,Female,185.128.156.194
710,Kathlin,Belden,kbeldenjp@google.co.jp,Female,38.144.240.252
711,Sherlocke,Naulty,snaultyjq@youtube.com,Male,122.44.1.9
712,Jasmine,Dowle,jdowlejr@fema.gov,Polygender,34.135.39.94
713,Maridel,Rowthorn,mrowthornjs@jigsy.com,Female,163.43.201.228
714,Camel,Bouldon,cbouldonjt@lulu.com,Female,229.82.210.252
715,Jeana,Downgate,jdowngateju@bing.com,Female,150.146.203.180
716,Belle,Posselwhite,bposselwhitejv@dropbox.com,Female,59.186.141.50
717,Briney,Kreber,bkreberjw@loc.gov,Female,159.63.4.147
718,Forester,Shyre,fshyrejx@ask.com,Male,145.70.91.85
719,Claretta,Pidcock,cpidcockjy@europa.eu,Female,37.171.157.47
720,Brunhilde,Polgreen,bpolgreenjz@blogger.com,Female,177.111.29.222
721,Marve,Sphinxe,msphinxek0@patch.com,Male,26.174.176.24
722,Humfrid,Leathlay,hleathlayk1@discovery.com,Male,86.32.130.248
723,Juliette,Titterington,jtitteringtonk2@macromedia.com,Female,69.99.37.80
724,Mallissa,Gautrey,mgautreyk3@delicious.com,Female,133.162.170.247
725,Rudiger,Runnacles,rrunnaclesk4@apache.org,Male,119.45.18.151
726,Radcliffe,Maps,rmapsk5@imgur.com,Male,250.209.244.109
727,Jasmina,Pervoe,jpervoek6@blog.com,Female,82.47.125.45
728,Roi,Wellbeloved,rwellbelovedk7@state.tx.us,Male,95.113.97.234
729,Ham,Ilyunin,hilyunink8@reference.com,Male,166.90.227.98
730,Sylvan,Skatcher,sskatcherk9@youtube.com,Male,199.5.156.228
731,Laina,Duignan,lduignanka@wordpress.org,Female,141.178.80.131
732,Leeland,Keith,lkeithkb@house.gov,Male,154.243.56.39
733,Candide,Garratty,cgarrattykc@jimdo.com,Female,31.115.197.167
734,Evie,Gethen,egethenkd@businesswire.com,Female,134.198.193.122
735,Silvano,Diggles,sdiggleske@cbc.ca,Male,80.10.50.226
736,Wendel,Basil,wbasilkf@nsw.gov.au,Male,234.26.158.175
737,Jeremias,Beetles,jbeetleskg@ucla.edu,Non-binary,198.237.59.17
738,Wendy,Sollon,wsollonkh@edublogs.org,Female,127.206.229.181
739,Baillie,Greenalf,bgreenalfki@ihg.com,Male,227.180.91.248
740,Sheppard,Swafield,sswafieldkj@adobe.com,Male,56.138.16.33
741,Miof mela,Frankcomb,mfrankcombkk@telegraph.co.uk,Female,87.210.14.251
742,Jeralee,Mollitt,jmollittkl@google.nl,Female,51.141.151.189
743,Myrwyn,Essex,messexkm@gnu.org,Male,207.241.242.210
744,Kristien,Carwardine,kcarwardinekn@cnbc.com,Non-binary,239.58.81.136
745,Arnaldo,Ierland,aierlandko@stanford.edu,Male,62.253.74.228
746,Sharline,Welbourn,swelbournkp@state.gov,Female,235.43.32.126
747,Maritsa,Astill,mastillkq@dagondesign.com,Female,95.5.160.107
748,Guenna,Gores,ggoreskr@chicagotribune.com,Female,0.244.207.113
749,Merry,Geldeford,mgeldefordks@altervista.org,Male,197.171.66.151
750,Merrel,Tewkesbury,mtewkesburykt@example.com,Male,145.198.108.0
751,Meaghan,Bolstridge,mbolstridgeku@yellowbook.com,Female,138.86.160.154
752,Romain,MacDirmid,rmacdirmidkv@github.com,Male,44.223.209.197
753,Jens,Simoneton,jsimonetonkw@nsw.gov.au,Male,203.201.221.83
754,Upton,Zorzetti,uzorzettikx@gmpg.org,Male,237.226.37.167
755,Charlot,Raubheim,craubheimky@washington.edu,Female,254.97.60.84
756,Curt,McAdam,cmcadamkz@admin.ch,Agender,19.4.159.53
757,Gayle,Weight,gweightl0@oakley.com,Male,232.100.191.67
758,Moll,Rigg,mriggl1@nature.com,Polygender,107.30.56.15
759,Garrot,O' Ronan,goronanl2@exblog.jp,Non-binary,83.68.212.143
760,Salomon,O'Fogarty,sofogartyl3@istockphoto.com,Male,103.255.61.81
761,Jemmie,Straniero,jstranierol4@aol.com,Female,103.124.233.226
762,Alyson,Piddington,apiddingtonl5@youtu.be,Female,255.158.156.254
763,Dolf,Grise,dgrisel6@umn.edu,Genderqueer,60.111.238.207
764,Agnese,Tregea,atregeal7@redcross.org,Female,204.213.53.248
765,Enos,Nevill,enevilll8@ow.ly,Male,56.174.239.197
766,Amargo,Mitchelhill,amitchelhilll9@gov.uk,Female,86.4.159.15
767,Veronike,Skotcher,vskotcherla@home.pl,Female,163.119.87.222
768,Eugene,Anthonsen,eanthonsenlb@miibeian.gov.cn,Male,8.50.252.213
769,Ruddie,Stopper,rstopperlc@technorati.com,Male,11.178.30.113
770,Maryellen,Legerton,mlegertonld@tripod.com,Female,101.20.53.18
771,Ewell,Antos,eantosle@topsy.com,Agender,101.64.35.202
772,Aleece,Teager,ateagerlf@nationalgeographic.com,Genderqueer,252.97.5.53
773,Bentley,Tuck,btucklg@privacy.gov.au,Male,101.99.61.12
774,Marissa,Buckston,mbuckstonlh@vkontakte.ru,Female,247.136.118.40
775,Clari,Glasbey,cglasbeyli@earthlink.net,Female,111.84.37.240
776,Dyann,Cultcheth,dcultchethlj@pcworld.com,Female,61.105.39.176
777,Rey,Cleaves,rcleaveslk@topsy.com,Male,57.45.218.23
778,Marylin,Rowland,mrowlandll@spiegel.de,Female,51.120.41.207
779,Teddie,Jent,tjentlm@intel.com,Male,47.176.3.62
780,Raquel,Claworth,rclaworthln@icq.com,Female,29.155.60.135
781,Laina,Beney,lbeneylo@prnewswire.com,Female,75.16.200.102
782,Brose,Grichukhin,bgrichukhinlp@telegraph.co.uk,Genderqueer,39.140.239.236
783,Matthias,Draisey,mdraiseylq@boston.com,Male,131.177.199.148
784,Vidovic,Troyes,vtroyeslr@spotify.com,Male,20.48.64.211
785,Darcey,Matuszewski,dmatuszewskils@webmd.com,Female,45.235.159.218
786,Pippy,Chadney,pchadneylt@samsung.com,Female,65.99.69.5
787,Leeann,Zima,lzimalu@webnode.com,Female,130.169.114.253
788,Odilia,McCurry,omccurrylv@cdc.gov,Female,63.161.213.94
789,Gabi,Legh,gleghlw@livejournal.com,Male,55.70.68.25
790,Mireille,Robelet,mrobeletlx@bandcamp.com,Female,32.107.223.46
791,Gale,Dudgeon,gdudgeonly@huffingtonpost.com,Female,211.197.193.135
792,Krishnah,Chark,kcharklz@ustream.tv,Male,97.230.224.177
793,Avery,Nesbeth,anesbethm0@moonfruit.com,Male,177.140.197.99
794,Natalie,Sappson,nsappsonm1@phpbb.com,Female,87.66.24.29
795,Dominga,Jenman,djenmanm2@businessinsider.com,Female,94.168.218.75
796,Betsey,Staddom,bstaddomm3@wunderground.com,Female,178.240.69.111
797,Grannie,Pigeon,gpigeonm4@freewebs.com,Non-binary,97.127.129.165
798,Torrey,Crichmer,tcrichmerm5@twitter.com,Male,246.120.127.102
799,Mervin,Fyfe,mfyfem6@ask.com,Male,55.106.134.91
800,Caty,Wards,cwardsm7@loc.gov,Female,155.167.162.1
801,Ludvig,Witton,lwittonm8@sfgate.com,Male,63.22.8.253
802,Haywood,Stooke,hstookem9@liveinternet.ru,Male,49.120.47.89
803,Norris,Gawke,ngawkema@joomla.org,Male,163.168.23.96
804,Dani,Benley,dbenleymb@omniture.com,Agender,60.134.114.144
805,Christen,Doveston,cdovestonmc@blogtalkradio.com,Female,173.168.208.102
806,Aubree,Clausson,aclaussonmd@blogtalkradio.com,Polygender,53.21.59.18
807,Bobby,Caddens,bcaddensme@uol.com.br,Female,146.83.221.204
808,Lonnie,Baulcombe,lbaulcombemf@google.it,Male,142.143.73.217
809,Balduin,Boobyer,bboobyermg@arizona.edu,Male,229.160.126.40
810,Sylvester,Lauridsen,slauridsenmh@1688.com,Male,85.99.56.75
811,Morna,Gatty,mgattymi@tiny.cc,Genderqueer,129.57.116.104
812,Yurik,Mathevon,ymathevonmj@fastcompany.com,Male,67.166.0.83
813,Artemus,Westbury,awestburymk@yahoo.com,Male,41.82.58.161
814,Rosanna,Cardenas,rcardenasml@upenn.edu,Female,21.7.42.236
815,Murvyn,Padden,mpaddenmm@wix.com,Male,90.226.106.82
816,Gabby,Ludmann,gludmannmn@dailymail.co.uk,Male,65.172.202.82
817,Lucina,Sevior,lseviormo@blinklist.com,Female,113.204.167.250
818,Dunstan,Draysey,ddrayseymp@yellowpages.com,Male,12.171.255.208
819,Archer,Roobottom,aroobottommq@chron.com,Male,228.44.11.160
820,Valentine,O'Noulane,vonoulanemr@g.co,Female,163.26.81.119
821,Brocky,Betham,bbethamms@hatena.ne.jp,Male,115.116.33.108
822,Malissa,Caile,mcailemt@cargocollective.com,Female,210.68.48.45
823,Marnia,Liddell,mliddellmu@dedecms.com,Non-binary,2.6.32.250
824,Andrea,Smickle,asmicklemv@shop-pro.jp,Female,190.69.64.43
825,Welbie,Legge,wleggemw@nydailynews.com,Male,99.170.91.140
826,Garrik,Ference,gferencemx@apple.com,Male,38.191.209.30
827,Reagan,Betun,rbetunmy@state.tx.us,Male,152.46.17.27
828,Dennison,Caplis,dcaplismz@furl.net,Male,192.102.225.128
829,Millard,Stabbins,mstabbinsn0@cbsnews.com,Genderfluid,12.21.87.223
830,Fraze,Michiel,fmichieln1@mediafire.com,Male,168.208.90.78
831,Chrystal,Duhig,cduhign2@cyberchimps.com,Female,115.24.20.44
832,Witty,Hallock,whallockn3@mapy.cz,Male,143.187.116.107
833,Yelena,Drews,ydrewsn4@tripod.com,Female,31.187.23.40
834,Fraser,Raithbie,fraithbien5@bbc.co.uk,Male,22.109.250.254
835,Anya,De Carteret,adecarteretn6@uiuc.edu,Female,182.151.93.158
836,Joshuah,Wigan,jwigann7@google.es,Male,142.213.65.222
837,Tony,Falkus,tfalkusn8@nih.gov,Male,179.250.125.52
838,Viviana,Dacca,vdaccan9@addthis.com,Female,91.39.237.254
839,Doralynn,Larkins,dlarkinsna@nyu.edu,Female,26.23.144.69
840,Granthem,Apple,gapplenb@globo.com,Male,109.158.76.145
841,Allan,Fallanche,afallanchenc@nih.gov,Male,34.246.21.84
842,Sherye,Chorlton,schorltonnd@soundcloud.com,Female,112.187.52.37
843,Inessa,Shilstone,ishilstonene@amazon.co.jp,Female,129.250.58.197
844,Estele,Patterfield,epatterfieldnf@cocolog-nifty.com,Female,211.160.100.142
845,Lucille,Wetherill,lwetherillng@comcast.net,Female,241.115.82.137
846,Darin,Guillon,dguillonnh@tuttocitta.it,Male,213.207.60.54
847,Elisa,Schultze,eschultzeni@jigsy.com,Female,232.84.10.31
848,Kalle,Scrammage,kscrammagenj@hubpages.com,Male,8.49.191.227
849,Shadow,Fulford,sfulfordnk@go.com,Male,2.106.201.14
850,Etta,Bontein,ebonteinnl@wiley.com,Female,118.73.51.224
851,Dionis,Deerness,ddeernessnm@hubpages.com,Female,39.95.53.92
852,Rozanna,Seiffert,rseiffertnn@umn.edu,Female,58.104.150.33
853,Cati,Dyball,cdyballno@pcworld.com,Female,234.15.171.240
854,Dale,Shilling,dshillingnp@multiply.com,Female,13.200.161.250
855,Clyde,Huskisson,chuskissonnq@yelp.com,Male,102.225.172.112
856,Curt,Hrinchenko,chrinchenkonr@mac.com,Male,171.111.62.118
857,Lorrin,Posselt,lposseltns@engadget.com,Female,144.54.141.123
858,Jodi,Loreit,jloreitnt@woothemes.com,Female,142.63.28.131
859,Gannon,Kopecka,gkopeckanu@chron.com,Male,151.21.38.154
860,Cash,Magog,cmagognv@twitter.com,Male,191.242.187.180
861,Carlyn,Cridlon,ccridlonnw@sourceforge.net,Female,80.169.229.227
862,Dolly,Gawthorp,dgawthorpnx@arizona.edu,Female,45.147.146.169
863,Judah,Mendes,jmendesny@paginegialle.it,Genderqueer,63.191.115.127
864,Aile,Gino,aginonz@cyberchimps.com,Female,17.33.90.147
865,Shannon,Longfut,slongfuto0@shareasale.com,Female,247.112.144.36
866,Nick,Gradley,ngradleyo1@twitpic.com,Male,232.88.212.15
867,Wendy,Billie,wbillieo2@statcounter.com,Female,133.146.55.213
868,Harli,Coole,hcooleo3@tamu.edu,Female,192.212.101.237
869,Averell,Trayte,atrayteo4@google.ru,Non-binary,247.20.184.178
870,Lemmy,Dayer,ldayero5@slashdot.org,Male,72.190.228.29
871,Correy,Kelf,ckelfo6@1688.com,Non-binary,0.59.54.45
872,Tootsie,McGuane,tmcguaneo7@naver.com,Female,152.141.64.196
873,Jacob,Saffon,jsaffono8@ihg.com,Male,250.90.57.200
874,Rickie,Kull,rkullo9@webmd.com,Male,0.227.161.104
875,Cinda,Fontenot,cfontenotoa@purevolume.com,Non-binary,157.57.59.155
876,Sigismondo,Pillinger,spillingerob@ucla.edu,Male,246.60.108.124
877,Bent,Brereton,bbreretonoc@etsy.com,Male,235.80.34.137
878,Anny,Licciardo,alicciardood@wisc.edu,Female,243.85.64.69
879,Lisetta,Cherm,lchermoe@engadget.com,Female,87.71.206.150
880,Annamarie,Bome,abomeof@hugedomains.com,Female,76.245.201.138
881,Erek,Atwel,eatwelog@delicious.com,Male,97.246.230.38
882,Doreen,Michal,dmichaloh@symantec.com,Female,185.226.67.113
883,Caralie,Feechum,cfeechumoi@time.com,Female,110.14.252.110
884,Bertina,Cosby,bcosbyoj@multiply.com,Female,115.40.57.237
885,Winni,Bennitt,wbennittok@cbsnews.com,Non-binary,109.91.151.31
886,Sisely,Hurch,shurchol@wired.com,Female,22.104.237.79
887,Jakie,Suermeiers,jsuermeiersom@opera.com,Male,28.207.98.34
888,Randy,Crayke,rcraykeon@instagram.com,Genderfluid,83.229.80.200
889,Jaquith,Pickvance,jpickvanceoo@samsung.com,Female,109.64.21.93
890,Nikolai,Meegan,nmeeganop@gravatar.com,Male,67.14.108.126
891,Con,Rickcord,crickcordoq@booking.com,Male,64.247.145.17
892,Emalia,Goldie,egoldieor@umich.edu,Female,153.224.149.85
893,Newton,Paraman,nparamanos@netvibes.com,Male,99.35.107.67
894,Dulcy,Ianetti,dianettiot@microsoft.com,Female,194.144.211.135
895,Catherine,Antoszewski,cantoszewskiou@sogou.com,Female,200.253.107.192
896,Karlene,Chamberlin,kchamberlinov@goo.ne.jp,Female,159.233.10.129
897,Delilah,Wastell,dwastellow@furl.net,Female,51.81.39.171
898,Eward,Braven,ebravenox@macromedia.com,Male,135.121.246.174
899,Artemas,Mullins,amullinsoy@hexun.com,Male,26.98.95.146
900,Seline,Casewell,scasewelloz@parallels.com,Female,62.196.250.16
901,Toni,Mount,tmountp0@bigcartel.com,Genderfluid,80.106.166.168
902,Gabriela,Adaway,gadawayp1@kickstarter.com,Female,210.57.107.152
903,Giovanni,Imbrey,gimbreyp2@google.it,Male,157.225.168.200
904,Petunia,Hewkin,phewkinp3@bigcartel.com,Female,216.166.0.6
905,Atalanta,Marney,amarneyp4@creativecommons.org,Female,44.157.187.226
906,Madelyn,Moyle,mmoylep5@bloomberg.com,Female,58.86.15.131
907,Maximilian,Painswick,mpainswickp6@cmu.edu,Male,116.80.213.234
908,Harman,MacVanamy,hmacvanamyp7@nbcnews.com,Male,65.41.111.89
909,Patricia,Papa,ppapap8@mapquest.com,Female,171.168.22.67
910,Elora,Morde,emordep9@hud.gov,Female,188.120.88.18
911,Freddi,Caudelier,fcaudelierpa@networksolutions.com,Female,250.148.218.42
912,Franni,Scalera,fscalerapb@sina.com.cn,Female,16.219.167.122
913,Robb,Crecy,rcrecypc@java.com,Male,14.218.185.192
914,Veronike,Brookbank,vbrookbankpd@cnn.com,Female,107.83.212.163
915,Grady,Cottage,gcottagepe@skyrock.com,Male,180.147.22.188
916,Alene,De Giovanni,adegiovannipf@homestead.com,Female,246.0.232.204
917,Dolf,Roome,droomepg@wikimedia.org,Male,73.93.21.216
918,Dolf,Elford,delfordph@hc360.com,Male,189.57.118.170
919,Sher,Pople,spoplepi@blog.com,Female,61.46.61.1
920,Gare,Stubbe,gstubbepj@cdc.gov,Male,132.48.121.127
921,Kelci,Bartolijn,kbartolijnpk@yellowpages.com,Female,242.85.51.92
922,Nathaniel,Faulconbridge,nfaulconbridgepl@digg.com,Male,15.148.49.239
923,Karlene,Canedo,kcanedopm@biglobe.ne.jp,Female,133.14.202.217
924,Reginauld,Sivyer,rsivyerpn@google.com.hk,Male,126.180.101.133
925,Rik,Pomphrey,rpomphreypo@tuttocitta.it,Male,186.18.24.92
926,Shanda,Billings,sbillingspp@china.com.cn,Female,52.249.85.226
927,Gregoor,Heyworth,gheyworthpq@storify.com,Genderqueer,33.255.25.18
928,Rebecca,Rays,rrayspr@hibu.com,Female,213.137.92.87
929,Miof mela,Jewson,mjewsonps@altervista.org,Female,127.1.56.18
930,Reube,Ivanikov,rivanikovpt@canalblog.com,Non-binary,123.136.162.232
931,Darrin,Mayward,dmaywardpu@slashdot.org,Male,180.74.69.82
932,Brewer,Mathissen,bmathissenpv@diigo.com,Male,41.212.138.149
933,Rosy,Beaumont,rbeaumontpw@pen.io,Female,179.255.84.101
934,Erastus,Danjoie,edanjoiepx@scientificamerican.com,Male,136.109.191.32
935,Mariele,Benton,mbentonpy@discovery.com,Female,127.14.174.119
936,Nerti,Lamacraft,nlamacraftpz@paypal.com,Female,21.246.239.172
937,Nata,Deshorts,ndeshortsq0@yelp.com,Non-binary,206.204.188.181
938,Valene,Blennerhassett,vblennerhassettq1@desdev.cn,Female,23.53.223.4
939,Clo,Stranks,cstranksq2@gmpg.org,Bigender,162.151.13.64
940,Goldi,Curgenuer,gcurgenuerq3@t.co,Female,141.254.169.204
941,Mylo,Faldoe,mfaldoeq4@google.com.au,Male,106.11.246.25
942,Christan,Olenin,coleninq5@usgs.gov,Female,108.221.168.190
943,Kenyon,Chadwell,kchadwellq6@dmoz.org,Male,239.81.157.207
944,Reed,Lathleiffure,rlathleiffureq7@ucoz.ru,Male,10.105.97.220
945,Decca,Jacob,djacobq8@globo.com,Male,224.154.227.98
946,Brandyn,Sindell,bsindellq9@aboutads.info,Male,22.91.188.152
947,Deedee,Aaron,daaronqa@geocities.jp,Genderqueer,105.159.68.35
948,Haily,Smylie,hsmylieqb@miibeian.gov.cn,Male,81.51.249.247
949,Ester,Luparto,elupartoqc@ycombinator.com,Agender,51.108.242.249
950,Kylie,Roydon,kroydonqd@storify.com,Female,248.203.3.167
951,Camille,Wasmuth,cwasmuthqe@bigcartel.com,Agender,83.87.78.16
952,Nerti,Vankin,nvankinqf@miitbeian.gov.cn,Female,230.104.104.199
953,Toddie,Duffet,tduffetqg@php.net,Genderqueer,86.75.136.100
954,Kora,Stilgo,kstilgoqh@flavors.me,Female,153.255.163.90
955,Brooks,Dennert,bdennertqi@bbc.co.uk,Female,137.119.241.154
956,Aloysius,Rudgard,arudgardqj@harvard.edu,Male,94.239.210.24
957,Dermot,Zanettini,dzanettiniqk@tmall.com,Male,61.129.181.19
958,Griffith,Nerney,gnerneyql@arizona.edu,Male,24.158.221.37
959,Chryste,Vercruysse,cvercruysseqm@1688.com,Female,59.175.85.73
960,Suzi,Wyllcock,swyllcockqn@google.com.hk,Female,215.233.233.235
961,Herbie,Ison,hisonqo@unesco.org,Male,144.15.10.218
962,Ivonne,Kinder,ikinderqp@163.com,Female,30.145.13.16
963,Deny,Andreazzi,dandreazziqq@fc2.com,Female,79.27.129.39
964,Dorie,Juan,djuanqr@squarespace.com,Agender,31.140.170.198
965,Sidney,Dyble,sdybleqs@stumbleupon.com,Male,245.79.76.207
966,Tanney,Castiglioni,tcastiglioniqt@bloglines.com,Agender,130.136.134.205
967,Kyrstin,O'Carmody,kocarmodyqu@sitemeter.com,Female,179.159.200.188
968,Theressa,Jendrusch,tjendruschqv@wisc.edu,Female,121.187.3.230
969,Benedicto,Goudman,bgoudmanqw@artisteer.com,Male,254.8.14.247
970,Isac,Gait,igaitqx@sun.com,Male,28.111.199.37
971,Baxie,Tutchings,btutchingsqy@house.gov,Male,82.204.228.159
972,Vaughan,Ruffey,vruffeyqz@dedecms.com,Male,105.102.201.95
973,Wit,Cridge,wcridger0@independent.co.uk,Male,226.79.83.115
974,Johnette,Demer,jdemerr1@fema.gov,Female,183.128.50.94
975,Valry,Drever,vdreverr2@is.gd,Female,129.53.136.111
976,Nicole,Jaszczak,njaszczakr3@360.cn,Female,193.94.203.205
977,Silvanus,Dominik,sdominikr4@bigcartel.com,Male,132.169.104.118
978,Tina,Gromley,tgromleyr5@icq.com,Agender,0.92.16.214
979,Chrisse,Mooreed,cmooreedr6@newyorker.com,Male,16.61.10.76
980,Corey,Harrie,charrier7@digg.com,Female,162.209.100.45
981,Ebeneser,Spears,espearsr8@biglobe.ne.jp,Male,183.49.214.218
982,Freddie,Liles,flilesr9@jiathis.com,Male,64.88.188.215
983,Hussein,Cannon,hcannonra@toplist.cz,Male,155.3.168.120
984,Witty,Beesley,wbeesleyrb@baidu.com,Male,233.13.96.127
985,Rab,Haliburton,rhaliburtonrc@ow.ly,Male,231.161.215.20
986,Abbie,Vousden,avousdenrd@twitter.com,Male,42.46.106.8
987,Hali,Dummett,hdummettre@cornell.edu,Female,12.24.227.96
988,Andeee,Fluck,afluckrf@php.net,Female,14.221.214.22
989,Orton,Tugwell,otugwellrg@dagondesign.com,Male,93.62.226.225
990,Rick,Cammish,rcammishrh@mozilla.org,Male,177.196.104.179
991,Gordie,Tetther,gtettherri@dyndns.org,Male,56.11.212.183
992,Wayne,Burton,wburtonrj@time.com,Male,193.71.67.4
993,Ronald,Werndly,rwerndlyrk@posterous.com,Non-binary,79.241.161.133
994,Alfy,Penman,apenmanrl@twitter.com,Female,111.66.169.50
995,Marybeth,Helgass,mhelgassrm@cnet.com,Female,51.11.151.31
996,Abel,Alti,aaltirn@instagram.com,Male,210.107.74.100
997,Lizzie,Mustard,lmustardro@businessinsider.com,Female,76.0.38.71
998,Delphinia,Byrnes,dbyrnesrp@jigsy.com,Female,28.255.207.134
999,Nev,Macauley,nmacauleyrq@accuweather.com,Male,170.76.161.212
1000,Fulvia,Gobel,fgobelrr@yahoo.co.jp,Female,232.17.194.108
